{"cameraMode":{"drawMode":0,"name":"Shaded","section":"Shading Mode"},"sceneLighting":true,"audioPlay":false,"sceneViewState":{"m_AlwaysRefresh":false,"showFog":true,"showSkybox":true,"showFlares":true,"showImageEffects":true,"showParticleSystems":true,"showVisualEffectGraphs":true,"m_FxEnabled":true},"in2DMode":false,"pivot":{"x":548.9249267578125,"y":788.8096923828125,"z":1351.7760009765625},"rotation":{"x":-0.0904150977730751,"y":0.03347793594002724,"z":0.0024370052851736547,"w":0.9953834414482117},"size":951.1694946289063,"orthographic":false}